id	query_id	chunk_id	label
0	1	35	Partial
1	1	37	Exact
2	1	51	Partial
3	1	53	Irrelevant
4	1	315	Partial
5	1	381	Irrelevant
6	1	486	Partial
7	1	489	Partial
8	1	528	Partial
9	1	539	Irrelevant
10	1	590	Irrelevant
11	1	600	Partial
12	1	793	Exact
13	1	799	Exact
14	1	807	Exact
15	1	809	Partial
16	1	810	Partial
17	1	811	Exact
18	1	812	Partial
19	1	813	Partial
20	1	818	Partial
21	1	820	Partial
22	1	822	Partial
23	1	823	Partial
24	1	825	Irrelevant
25	1	848	Irrelevant
26	1	907	Partial
27	1	932	Partial
28	1	982	Irrelevant
29	1	1014	Partial
30	1	1128	Irrelevant
31	1	1147	Partial
32	1	1148	Partial
33	1	1162	Exact
34	1	1167	Partial
35	1	1284	Partial
36	1	1593	Partial
37	1	1689	Partial
38	1	1711	Partial
39	1	1712	Partial
40	1	1713	Partial
41	2	143	Irrelevant
42	2	153	Partial
43	2	174	Partial
44	2	265	Partial
45	2	312	Irrelevant
46	2	332	Partial
47	2	335	Partial
48	2	336	Partial
49	2	337	Exact
50	2	338	Partial
51	2	346	Exact
52	2	396	Partial
53	2	435	Partial
54	2	610	Exact
55	2	624	Exact
56	2	626	Partial
57	2	657	Partial
58	2	659	Partial
59	2	678	Partial
60	2	794	Exact
61	2	861	Exact
62	2	969	Partial
63	2	1071	Partial
64	2	1285	Partial
65	2	1286	Irrelevant
66	2	1290	Irrelevant
67	2	1349	Exact
68	2	1384	Partial
69	2	1386	Irrelevant
70	2	1388	Exact
71	2	1389	Exact
72	2	1485	Exact
73	2	1486	Partial
74	2	1637	Partial
75	3	451	Irrelevant
76	3	485	Exact
77	3	598	Irrelevant
78	3	599	Partial
79	3	767	Irrelevant
80	3	774	Irrelevant
81	3	836	Irrelevant
82	3	837	Exact
83	3	839	Partial
84	3	840	Partial
85	3	841	Partial
86	3	842	Irrelevant
87	3	844	Irrelevant
88	3	846	Partial
89	3	848	Irrelevant
90	3	851	Exact
91	3	852	Partial
92	3	896	Irrelevant
93	3	897	Irrelevant
94	3	911	Irrelevant
95	3	912	Irrelevant
96	3	913	Irrelevant
97	3	915	Irrelevant
98	3	984	Partial
99	3	1011	Partial
100	3	1038	Irrelevant
101	3	1094	Irrelevant
102	3	1095	Irrelevant
103	3	1096	Irrelevant
104	3	1116	Exact
105	3	1137	Irrelevant
106	3	1147	Irrelevant
107	3	1157	Exact
108	3	1500	Partial
109	3	1578	Irrelevant
110	3	1617	Partial
111	3	1621	Irrelevant
112	3	1645	Partial
113	3	1651	Irrelevant
114	3	1671	Irrelevant
115	3	1682	Irrelevant
116	3	1686	Irrelevant
117	3	1723	Irrelevant
118	3	1741	Irrelevant
119	4	70	Partial
120	4	71	Irrelevant
121	4	150	Irrelevant
122	4	244	Partial
123	4	593	Partial
124	4	600	Irrelevant
125	4	677	Irrelevant
126	4	720	Partial
127	4	722	Partial
128	4	723	Partial
129	4	777	Irrelevant
130	4	783	Irrelevant
131	4	900	Partial
132	4	901	Partial
133	4	1140	Partial
134	4	1151	Exact
135	4	1152	Irrelevant
136	4	1153	Partial
137	4	1154	Partial
138	4	1156	Partial
139	4	1162	Irrelevant
140	4	1163	Partial
141	4	1180	Exact
142	4	1189	Irrelevant
143	4	1190	Irrelevant
144	4	1228	Irrelevant
145	4	1569	Irrelevant
146	4	1570	Irrelevant
147	4	1574	Irrelevant
148	4	1575	Irrelevant
149	4	1576	Irrelevant
150	4	1656	Irrelevant
151	4	1671	Partial
152	4	1696	Partial
153	4	1697	Partial
154	4	1710	Irrelevant
155	4	1714	Partial
156	5	4	Irrelevant
157	5	59	Irrelevant
158	5	95	Partial
159	5	349	Irrelevant
160	5	449	Partial
161	5	608	Exact
162	5	610	Partial
163	5	612	Irrelevant
164	5	613	Irrelevant
165	5	615	Partial
166	5	616	Irrelevant
167	5	617	Partial
168	5	618	Partial
169	5	624	Partial
170	5	625	Partial
171	5	788	Partial
172	5	958	Irrelevant
173	5	1026	Exact
174	5	1089	Partial
175	5	1262	Partial
176	5	1286	Irrelevant
177	5	1287	Partial
178	5	1290	Irrelevant
179	5	1348	Partial
180	5	1349	Exact
181	5	1351	Exact
182	5	1352	Partial
183	5	1353	Exact
184	5	1376	Irrelevant
185	5	1435	Partial
186	5	1485	Partial
187	5	1504	Partial
188	5	1505	Partial
189	5	1507	Partial
190	5	1508	Partial
191	5	1619	Irrelevant
192	6	20	Irrelevant
193	6	21	Partial
194	6	22	Partial
195	6	29	Irrelevant
196	6	39	Exact
197	6	40	Partial
198	6	41	Exact
199	6	42	Partial
200	6	43	Partial
201	6	44	Partial
202	6	45	Partial
203	6	46	Exact
204	6	58	Partial
205	6	59	Exact
206	6	62	Exact
207	6	79	Irrelevant
208	6	130	Partial
209	6	131	Partial
210	6	160	Partial
211	6	255	Irrelevant
212	6	283	Irrelevant
213	6	285	Irrelevant
214	6	286	Irrelevant
215	6	287	Irrelevant
216	6	456	Partial
217	6	514	Irrelevant
218	6	561	Irrelevant
219	6	804	Partial
220	6	931	Irrelevant
221	6	1014	Partial
222	6	1182	Irrelevant
223	6	1319	Irrelevant
224	6	1502	Irrelevant
225	6	1581	Irrelevant
226	7	2	Partial
227	7	29	Partial
228	7	34	Partial
229	7	54	Irrelevant
230	7	55	Irrelevant
231	7	56	Irrelevant
232	7	57	Irrelevant
233	7	65	Partial
234	7	136	Irrelevant
235	7	249	Partial
236	7	251	Irrelevant
237	7	255	Irrelevant
238	7	346	Irrelevant
239	7	381	Partial
240	7	600	Partial
241	7	614	Irrelevant
242	7	846	Partial
243	7	847	Partial
244	7	866	Exact
245	7	1013	Partial
246	7	1014	Partial
247	7	1022	Irrelevant
248	7	1028	Partial
249	7	1140	Irrelevant
250	7	1147	Partial
251	7	1149	Irrelevant
252	7	1161	Irrelevant
253	7	1162	Irrelevant
254	7	1163	Partial
255	7	1164	Irrelevant
256	7	1167	Irrelevant
257	7	1307	Partial
258	7	1353	Irrelevant
259	7	1560	Irrelevant
260	7	1671	Irrelevant
261	7	1689	Partial
262	7	1710	Exact
263	7	1711	Irrelevant
264	7	1712	Partial
265	7	1713	Partial
266	8	96	Irrelevant
267	8	128	Partial
268	8	129	Partial
269	8	148	Exact
270	8	352	Partial
271	8	473	Partial
272	8	614	Partial
273	8	716	Partial
274	8	846	Partial
275	8	850	Exact
276	8	857	Partial
277	8	858	Partial
278	8	900	Partial
279	8	901	Partial
280	8	908	Partial
281	8	920	Partial
282	8	938	Irrelevant
283	8	1024	Irrelevant
284	8	1097	Partial
285	8	1151	Irrelevant
286	8	1157	Partial
287	8	1303	Partial
288	8	1304	Partial
289	8	1379	Partial
290	8	1466	Exact
291	8	1467	Exact
292	8	1468	Partial
293	8	1557	Irrelevant
294	8	1570	Irrelevant
295	8	1574	Irrelevant
296	8	1575	Irrelevant
297	8	1665	Partial
298	8	1666	Partial
299	8	1667	Exact
300	8	1668	Partial
301	9	91	Partial
302	9	99	Exact
303	9	312	Irrelevant
304	9	395	Partial
305	9	396	Partial
306	9	435	Partial
307	9	436	Partial
308	9	437	Partial
309	9	481	Irrelevant
310	9	600	Partial
311	9	739	Partial
312	9	800	Irrelevant
313	9	811	Irrelevant
314	9	813	Irrelevant
315	9	818	Irrelevant
316	9	820	Partial
317	9	859	Partial
318	9	861	Exact
319	9	888	Partial
320	9	890	Partial
321	9	896	Partial
322	9	897	Exact
323	9	898	Exact
324	9	918	Irrelevant
325	9	940	Irrelevant
326	9	957	Exact
327	9	958	Partial
328	9	969	Partial
329	9	991	Partial
330	9	1242	Irrelevant
331	9	1488	Irrelevant
332	9	1530	Exact
333	9	1537	Exact
334	9	1538	Partial
335	9	1554	Exact
336	9	1618	Partial
337	9	1620	Exact
338	9	1621	Exact
339	9	1661	Irrelevant
340	9	1728	Irrelevant
341	10	27	Exact
342	10	28	Exact
343	10	29	Partial
344	10	35	Partial
345	10	38	Partial
346	10	47	Partial
347	10	65	Partial
348	10	138	Partial
349	10	250	Partial
350	10	252	Partial
351	10	365	Partial
352	10	487	Partial
353	10	790	Partial
354	10	793	Partial
355	10	797	Partial
356	10	799	Partial
357	10	810	Partial
358	10	813	Partial
359	10	818	Partial
360	10	820	Partial
361	10	821	Irrelevant
362	10	822	Partial
363	10	927	Irrelevant
364	10	1028	Partial
365	10	1041	Partial
366	10	1047	Partial
367	10	1146	Partial
368	10	1147	Exact
369	10	1148	Partial
370	10	1716	Partial
371	10	1717	Partial
372	10	1718	Partial
373	10	1719	Partial
374	10	1720	Partial
375	11	5	Irrelevant
376	11	70	Partial
377	11	72	Irrelevant
378	11	140	Irrelevant
379	11	247	Irrelevant
380	11	354	Partial
381	11	390	Irrelevant
382	11	590	Irrelevant
383	11	601	Irrelevant
384	11	720	Irrelevant
385	11	721	Partial
386	11	722	Partial
387	11	745	Irrelevant
388	11	839	Irrelevant
389	11	841	Irrelevant
390	11	882	Irrelevant
391	11	915	Irrelevant
392	11	953	Exact
393	11	959	Partial
394	11	1013	Irrelevant
395	11	1018	Irrelevant
396	11	1064	Irrelevant
397	11	1066	Irrelevant
398	11	1077	Partial
399	11	1080	Partial
400	11	1103	Irrelevant
401	11	1141	Irrelevant
402	11	1143	Irrelevant
403	11	1145	Irrelevant
404	11	1151	Partial
405	11	1152	Irrelevant
406	11	1153	Irrelevant
407	11	1154	Irrelevant
408	11	1155	Exact
409	11	1156	Partial
410	11	1158	Irrelevant
411	11	1163	Irrelevant
412	11	1468	Irrelevant
413	11	1667	Irrelevant
414	11	1668	Irrelevant
415	11	1674	Exact
416	11	1710	Irrelevant
417	11	1722	Irrelevant
418	12	96	Partial
419	12	97	Partial
420	12	490	Irrelevant
421	12	677	Irrelevant
422	12	894	Irrelevant
423	12	1027	Partial
424	12	1090	Partial
425	12	1091	Partial
426	12	1092	Partial
427	12	1093	Irrelevant
428	12	1094	Partial
429	12	1095	Partial
430	12	1096	Partial
431	12	1142	Irrelevant
432	12	1143	Irrelevant
433	12	1145	Irrelevant
434	12	1159	Partial
435	12	1160	Partial
436	12	1161	Partial
437	12	1387	Irrelevant
438	12	1556	Partial
439	12	1557	Partial
440	12	1558	Partial
441	12	1577	Partial
442	12	1670	Irrelevant
443	13	143	Irrelevant
444	13	275	Irrelevant
445	13	282	Irrelevant
446	13	296	Irrelevant
447	13	302	Partial
448	13	303	Partial
449	13	304	Irrelevant
450	13	305	Partial
451	13	306	Partial
452	13	307	Partial
453	13	376	Irrelevant
454	13	432	Irrelevant
455	13	512	Irrelevant
456	13	529	Partial
457	13	530	Irrelevant
458	13	531	Partial
459	13	532	Exact
460	13	533	Exact
461	13	534	Exact
462	13	535	Partial
463	13	536	Partial
464	13	537	Partial
465	13	538	Partial
466	13	543	Irrelevant
467	13	561	Irrelevant
468	13	582	Partial
469	13	747	Irrelevant
470	13	776	Irrelevant
471	13	806	Irrelevant
472	13	827	Irrelevant
473	13	942	Irrelevant
474	13	1064	Irrelevant
475	13	1066	Irrelevant
476	13	1465	Irrelevant
477	13	1468	Irrelevant
478	13	1471	Irrelevant
479	13	1508	Irrelevant
480	13	1519	Irrelevant
481	13	1531	Irrelevant
482	13	1586	Irrelevant
483	13	1612	Irrelevant
484	13	1630	Irrelevant
485	13	1643	Irrelevant
486	13	1665	Irrelevant
487	13	1757	Irrelevant
488	13	1766	Irrelevant
489	14	63	Irrelevant
490	14	95	Exact
491	14	158	Partial
492	14	346	Partial
493	14	349	Irrelevant
494	14	449	Irrelevant
495	14	493	Partial
496	14	608	Exact
497	14	610	Partial
498	14	612	Irrelevant
499	14	617	Partial
500	14	788	Partial
501	14	859	Irrelevant
502	14	861	Irrelevant
503	14	899	Irrelevant
504	14	929	Partial
505	14	1026	Exact
506	14	1089	Exact
507	14	1262	Partial
508	14	1285	Irrelevant
509	14	1348	Partial
510	14	1351	Partial
511	14	1352	Partial
512	14	1353	Partial
513	14	1376	Irrelevant
514	14	1384	Irrelevant
515	14	1435	Partial
516	14	1485	Irrelevant
517	14	1504	Partial
518	14	1505	Exact
519	14	1506	Partial
520	14	1507	Exact
521	14	1508	Exact
522	14	1568	Partial
523	14	1619	Irrelevant
524	15	114	Partial
525	15	117	Exact
526	15	118	Irrelevant
527	15	119	Partial
528	15	120	Partial
529	15	121	Partial
530	15	122	Partial
531	15	123	Exact
532	15	125	Partial
533	15	126	Partial
534	15	127	Irrelevant
535	15	135	Irrelevant
536	15	170	Partial
537	15	234	Partial
538	15	262	Partial
539	15	278	Irrelevant
540	15	402	Irrelevant
541	15	425	Irrelevant
542	15	434	Partial
543	15	500	Irrelevant
544	15	720	Irrelevant
545	15	735	Exact
546	15	737	Irrelevant
547	15	756	Partial
548	15	762	Irrelevant
549	15	763	Irrelevant
550	15	902	Irrelevant
551	15	903	Partial
552	15	904	Irrelevant
553	15	1016	Partial
554	15	1023	Partial
555	15	1124	Irrelevant
556	15	1125	Partial
557	15	1169	Exact
558	15	1170	Partial
559	15	1563	Partial
560	15	1679	Partial
561	16	21	Irrelevant
562	16	44	Partial
563	16	90	Irrelevant
564	16	111	Irrelevant
565	16	252	Irrelevant
566	16	597	Irrelevant
567	16	598	Irrelevant
568	16	600	Irrelevant
569	16	829	Partial
570	16	841	Irrelevant
571	16	866	Irrelevant
572	16	914	Irrelevant
573	16	940	Irrelevant
574	16	1115	Irrelevant
575	16	1116	Partial
576	16	1124	Irrelevant
577	16	1131	Irrelevant
578	16	1134	Irrelevant
579	16	1135	Irrelevant
580	16	1136	Irrelevant
581	16	1137	Irrelevant
582	16	1138	Partial
583	16	1149	Irrelevant
584	16	1156	Irrelevant
585	16	1163	Irrelevant
586	16	1539	Partial
587	16	1628	Partial
588	16	1720	Irrelevant
589	17	80	Irrelevant
590	17	165	Irrelevant
591	17	317	Partial
592	17	321	Partial
593	17	541	Irrelevant
594	17	542	Irrelevant
595	17	564	Exact
596	17	565	Partial
597	17	576	Irrelevant
598	17	582	Partial
599	17	583	Partial
600	17	586	Irrelevant
601	17	588	Partial
602	17	825	Irrelevant
603	17	923	Irrelevant
604	17	924	Partial
605	17	1519	Irrelevant
606	17	1595	Partial
607	17	1596	Partial
608	17	1597	Partial
609	17	1598	Partial
610	17	1599	Partial
611	17	1600	Partial
612	17	1601	Irrelevant
613	17	1602	Partial
614	17	1605	Partial
615	17	1606	Partial
616	17	1607	Exact
617	17	1608	Partial
618	17	1609	Partial
619	17	1610	Partial
620	17	1611	Exact
621	17	1613	Partial
622	17	1616	Exact
623	18	47	Partial
624	18	51	Partial
625	18	53	Irrelevant
626	18	71	Irrelevant
627	18	159	Irrelevant
628	18	234	Partial
629	18	247	Partial
630	18	262	Partial
631	18	263	Partial
632	18	331	Irrelevant
633	18	354	Irrelevant
634	18	386	Partial
635	18	387	Partial
636	18	396	Irrelevant
637	18	417	Partial
638	18	434	Irrelevant
639	18	435	Partial
640	18	595	Irrelevant
641	18	706	Irrelevant
642	18	720	Partial
643	18	721	Partial
644	18	722	Exact
645	18	731	Partial
646	18	762	Partial
647	18	775	Irrelevant
648	18	829	Irrelevant
649	18	870	Partial
650	18	918	Irrelevant
651	18	950	Irrelevant
652	18	968	Irrelevant
653	18	1016	Irrelevant
654	18	1017	Partial
655	18	1018	Irrelevant
656	18	1129	Irrelevant
657	18	1131	Irrelevant
658	18	1134	Partial
659	18	1151	Irrelevant
660	18	1152	Irrelevant
661	18	1180	Partial
662	18	1611	Irrelevant
663	18	1635	Partial
664	18	1719	Irrelevant
665	19	96	Exact
666	19	97	Partial
667	19	172	Partial
668	19	351	Irrelevant
669	19	366	Partial
670	19	442	Partial
671	19	445	Exact
672	19	449	Irrelevant
673	19	490	Partial
674	19	608	Partial
675	19	841	Irrelevant
676	19	849	Partial
677	19	859	Partial
678	19	918	Partial
679	19	1024	Partial
680	19	1027	Exact
681	19	1066	Irrelevant
682	19	1090	Exact
683	19	1091	Exact
684	19	1092	Partial
685	19	1093	Partial
686	19	1094	Irrelevant
687	19	1095	Partial
688	19	1096	Partial
689	19	1159	Partial
690	19	1160	Irrelevant
691	19	1161	Partial
692	19	1287	Irrelevant
693	19	1289	Partial
694	19	1387	Partial
695	19	1446	Partial
696	19	1550	Partial
697	19	1555	Irrelevant
698	19	1556	Exact
699	19	1557	Exact
700	19	1558	Exact
701	19	1570	Partial
702	19	1606	Irrelevant
703	20	128	Partial
704	20	214	Irrelevant
705	20	348	Irrelevant
706	20	391	Irrelevant
707	20	532	Irrelevant
708	20	594	Irrelevant
709	20	595	Irrelevant
710	20	716	Irrelevant
711	20	765	Irrelevant
712	20	766	Irrelevant
713	20	768	Irrelevant
714	20	838	Partial
715	20	839	Partial
716	20	846	Irrelevant
717	20	849	Partial
718	20	850	Irrelevant
719	20	852	Partial
720	20	853	Partial
721	20	897	Partial
722	20	899	Irrelevant
723	20	900	Irrelevant
724	20	911	Exact
725	20	912	Exact
726	20	913	Exact
727	20	914	Exact
728	20	915	Exact
729	20	916	Irrelevant
730	20	937	Irrelevant
731	20	973	Irrelevant
732	20	978	Irrelevant
733	20	1045	Irrelevant
734	20	1062	Irrelevant
735	20	1063	Irrelevant
736	20	1157	Partial
737	20	1158	Partial
738	20	1468	Partial
739	20	1501	Irrelevant
740	20	1521	Irrelevant
741	20	1577	Irrelevant
742	20	1621	Irrelevant
743	20	1665	Partial
744	20	1685	Partial
745	21	67	Irrelevant
746	21	156	Exact
747	21	157	Exact
748	21	256	Partial
749	21	282	Irrelevant
750	21	360	Partial
751	21	366	Exact
752	21	367	Partial
753	21	391	Irrelevant
754	21	447	Irrelevant
755	21	479	Irrelevant
756	21	590	Partial
757	21	593	Irrelevant
758	21	597	Irrelevant
759	21	677	Irrelevant
760	21	772	Irrelevant
761	21	777	Irrelevant
762	21	784	Exact
763	21	828	Exact
764	21	835	Irrelevant
765	21	848	Partial
766	21	853	Partial
767	21	866	Partial
768	21	874	Exact
769	21	940	Irrelevant
770	21	945	Irrelevant
771	21	986	Irrelevant
772	21	1013	Irrelevant
773	21	1089	Exact
774	21	1090	Exact
775	21	1091	Exact
776	21	1092	Exact
777	21	1093	Exact
778	21	1094	Partial
779	21	1100	Irrelevant
780	21	1160	Partial
781	21	1172	Irrelevant
782	21	1188	Irrelevant
783	21	1209	Irrelevant
784	21	1311	Irrelevant
785	21	1373	Irrelevant
786	21	1398	Irrelevant
787	21	1419	Partial
788	21	1496	Partial
789	21	1570	Partial
790	21	1578	Partial
791	21	1619	Partial
792	21	1620	Irrelevant
793	21	1624	Irrelevant
794	21	1636	Partial
795	22	17	Exact
796	22	18	Irrelevant
797	22	19	Exact
798	22	69	Irrelevant
799	22	71	Partial
800	22	72	Partial
801	22	254	Irrelevant
802	22	262	Partial
803	22	264	Irrelevant
804	22	270	Partial
805	22	391	Irrelevant
806	22	407	Irrelevant
807	22	508	Irrelevant
808	22	515	Irrelevant
809	22	599	Partial
810	22	706	Partial
811	22	747	Irrelevant
812	22	768	Irrelevant
813	22	828	Exact
814	22	829	Partial
815	22	837	Exact
816	22	838	Exact
817	22	847	Exact
818	22	852	Exact
819	22	853	Exact
820	22	866	Partial
821	22	874	Partial
822	22	888	Partial
823	22	896	Irrelevant
824	22	897	Irrelevant
825	22	898	Irrelevant
826	22	899	Exact
827	22	907	Irrelevant
828	22	909	Partial
829	22	911	Exact
830	22	915	Partial
831	22	932	Partial
832	22	1013	Partial
833	22	1014	Partial
834	22	1077	Irrelevant
835	22	1090	Exact
836	22	1129	Irrelevant
837	22	1165	Irrelevant
838	22	1299	Partial
839	22	1506	Partial
840	22	1556	Exact
841	22	1710	Partial
842	23	19	Partial
843	23	30	Irrelevant
844	23	71	Partial
845	23	75	Irrelevant
846	23	90	Irrelevant
847	23	159	Irrelevant
848	23	253	Irrelevant
849	23	259	Exact
850	23	365	Irrelevant
851	23	366	Irrelevant
852	23	439	Irrelevant
853	23	451	Partial
854	23	598	Partial
855	23	621	Irrelevant
856	23	719	Partial
857	23	722	Exact
858	23	727	Partial
859	23	766	Irrelevant
860	23	768	Irrelevant
861	23	769	Partial
862	23	774	Irrelevant
863	23	808	Irrelevant
864	23	829	Partial
865	23	853	Partial
866	23	862	Partial
867	23	882	Irrelevant
868	23	898	Partial
869	23	918	Irrelevant
870	23	927	Irrelevant
871	23	938	Partial
872	23	1014	Irrelevant
873	23	1018	Irrelevant
874	23	1020	Irrelevant
875	23	1023	Irrelevant
876	23	1033	Partial
877	23	1038	Irrelevant
878	23	1067	Irrelevant
879	23	1094	Irrelevant
880	23	1131	Partial
881	23	1158	Partial
882	23	1178	Partial
883	23	1304	Irrelevant
884	23	1521	Irrelevant
885	23	1570	Irrelevant
886	23	1602	Irrelevant
887	23	1609	Irrelevant
888	23	1657	Irrelevant
889	23	1709	Irrelevant
890	23	1722	Exact
891	24	72	Irrelevant
892	24	82	Irrelevant
893	24	99	Exact
894	24	100	Exact
895	24	126	Irrelevant
896	24	244	Irrelevant
897	24	356	Partial
898	24	357	Partial
899	24	367	Partial
900	24	368	Irrelevant
901	24	370	Partial
902	24	449	Partial
903	24	450	Exact
904	24	451	Exact
905	24	597	Irrelevant
906	24	608	Partial
907	24	610	Exact
908	24	794	Partial
909	24	839	Irrelevant
910	24	859	Partial
911	24	860	Exact
912	24	862	Partial
913	24	864	Irrelevant
914	24	865	Irrelevant
915	24	910	Partial
916	24	912	Irrelevant
917	24	965	Irrelevant
918	24	978	Irrelevant
919	24	979	Irrelevant
920	24	1065	Irrelevant
921	24	1104	Irrelevant
922	24	1107	Partial
923	24	1134	Irrelevant
924	24	1345	Irrelevant
925	24	1363	Irrelevant
926	24	1413	Irrelevant
927	24	1492	Partial
928	24	1554	Exact
929	24	1555	Partial
930	24	1570	Partial
931	24	1619	Exact
932	24	1620	Exact
933	24	1623	Irrelevant
934	24	1640	Irrelevant
935	24	1652	Irrelevant
936	24	1654	Irrelevant
937	24	1668	Irrelevant
938	24	1720	Irrelevant
939	25	88	Irrelevant
940	25	107	Irrelevant
941	25	144	Irrelevant
942	25	232	Exact
943	25	233	Partial
944	25	240	Exact
945	25	257	Irrelevant
946	25	258	Irrelevant
947	25	515	Irrelevant
948	25	534	Irrelevant
949	25	540	Exact
950	25	541	Partial
951	25	542	Irrelevant
952	25	545	Irrelevant
953	25	547	Partial
954	25	548	Partial
955	25	549	Irrelevant
956	25	560	Partial
957	25	565	Partial
958	25	576	Partial
959	25	622	Partial
960	25	752	Irrelevant
961	25	787	Partial
962	25	854	Partial
963	25	923	Partial
964	25	924	Partial
965	25	982	Irrelevant
966	25	1073	Partial
967	25	1139	Irrelevant
968	25	1316	Irrelevant
969	25	1387	Irrelevant
970	25	1456	Partial
971	25	1594	Partial
972	25	1596	Partial
973	25	1599	Irrelevant
974	25	1601	Partial
975	25	1604	Partial
976	25	1610	Partial
977	25	1611	Partial
978	25	1612	Partial
979	25	1614	Partial
980	25	1615	Partial
981	25	1616	Partial
982	25	1660	Exact
983	26	11	Irrelevant
984	26	20	Exact
985	26	22	Exact
986	26	39	Exact
987	26	44	Exact
988	26	45	Exact
989	26	46	Exact
990	26	62	Exact
991	26	78	Partial
992	26	112	Irrelevant
993	26	130	Exact
994	26	131	Exact
995	26	132	Exact
996	26	137	Exact
997	26	248	Exact
998	26	253	Exact
999	26	278	Partial
1000	26	282	Irrelevant
1001	26	589	Irrelevant
1002	26	722	Irrelevant
1003	26	741	Partial
1004	26	831	Irrelevant
1005	26	834	Partial
1006	26	926	Exact
1007	26	927	Partial
1008	26	929	Exact
1009	26	940	Irrelevant
1010	26	945	Irrelevant
1011	26	947	Irrelevant
1012	26	949	Irrelevant
1013	26	1014	Partial
1014	26	1033	Partial
1015	26	1172	Irrelevant
1016	26	1311	Irrelevant
1017	26	1314	Partial
1018	26	1317	Partial
1019	26	1319	Partial
1020	26	1321	Partial
1021	26	1332	Partial
1022	26	1333	Partial
1023	26	1334	Partial
1024	26	1632	Irrelevant
1025	26	1635	Irrelevant
1026	26	1641	Partial
1027	26	1663	Exact
1028	26	1741	Irrelevant
1029	27	30	Exact
1030	27	34	Partial
1031	27	45	Partial
1032	27	54	Exact
1033	27	63	Partial
1034	27	65	Exact
1035	27	67	Partial
1036	27	112	Irrelevant
1037	27	130	Partial
1038	27	132	Partial
1039	27	137	Partial
1040	27	160	Irrelevant
1041	27	231	Partial
1042	27	248	Exact
1043	27	250	Partial
1044	27	253	Exact
1045	27	255	Partial
1046	27	282	Irrelevant
1047	27	439	Irrelevant
1048	27	572	Irrelevant
1049	27	597	Partial
1050	27	599	Partial
1051	27	772	Irrelevant
1052	27	813	Partial
1053	27	866	Exact
1054	27	884	Irrelevant
1055	27	940	Irrelevant
1056	27	945	Irrelevant
1057	27	947	Irrelevant
1058	27	950	Irrelevant
1059	27	971	Irrelevant
1060	27	1014	Exact
1061	27	1037	Irrelevant
1062	27	1129	Exact
1063	27	1172	Irrelevant
1064	27	1307	Exact
1065	27	1311	Irrelevant
1066	27	1381	Irrelevant
1067	27	1406	Irrelevant
1068	27	1554	Irrelevant
1069	27	1567	Partial
1070	27	1645	Exact
1071	27	1663	Irrelevant
1072	27	1712	Exact
1073	27	1713	Exact
1074	27	1714	Exact
1075	27	1717	Exact
1076	27	1740	Irrelevant
1077	27	1771	Irrelevant
1078	28	104	Partial
1079	28	135	Partial
1080	28	226	Irrelevant
1081	28	286	Irrelevant
1082	28	292	Partial
1083	28	293	Partial
1084	28	303	Exact
1085	28	305	Exact
1086	28	321	Exact
1087	28	334	Partial
1088	28	342	Partial
1089	28	347	Partial
1090	28	361	Partial
1091	28	368	Partial
1092	28	371	Partial
1093	28	390	Partial
1094	28	391	Irrelevant
1095	28	395	Irrelevant
1096	28	430	Irrelevant
1097	28	431	Partial
1098	28	459	Partial
1099	28	583	Partial
1100	28	602	Exact
1101	28	604	Exact
1102	28	605	Irrelevant
1103	28	644	Irrelevant
1104	28	724	Partial
1105	28	754	Irrelevant
1106	28	783	Partial
1107	28	884	Irrelevant
1108	28	930	Irrelevant
1109	28	965	Partial
1110	28	1185	Irrelevant
1111	28	1567	Irrelevant
1112	28	1572	Irrelevant
1113	28	1573	Partial
1114	28	1574	Partial
1115	28	1575	Partial
1116	28	1580	Irrelevant
1117	28	1581	Irrelevant
1118	28	1610	Exact
1119	28	1633	Partial
1120	28	1714	Irrelevant
1121	28	1731	Partial
1122	29	94	Partial
1123	29	129	Partial
1124	29	146	Irrelevant
1125	29	160	Irrelevant
1126	29	162	Irrelevant
1127	29	320	Exact
1128	29	391	Partial
1129	29	447	Partial
1130	29	593	Exact
1131	29	601	Exact
1132	29	606	Partial
1133	29	615	Exact
1134	29	617	Exact
1135	29	621	Exact
1136	29	716	Exact
1137	29	768	Partial
1138	29	780	Irrelevant
1139	29	857	Exact
1140	29	882	Exact
1141	29	889	Partial
1142	29	896	Irrelevant
1143	29	897	Irrelevant
1144	29	899	Partial
1145	29	915	Exact
1146	29	928	Partial
1147	29	946	Exact
1148	29	990	Exact
1149	29	1013	Partial
1150	29	1024	Partial
1151	29	1064	Exact
1152	29	1075	Irrelevant
1153	29	1103	Exact
1154	29	1304	Exact
1155	29	1309	Exact
1156	29	1314	Exact
1157	29	1468	Exact
1158	29	1506	Partial
1159	29	1525	Irrelevant
1160	29	1555	Exact
1161	29	1616	Exact
1162	29	1618	Irrelevant
1163	29	1665	Exact
1164	29	1666	Partial
1165	29	1667	Exact
1166	29	1668	Exact
1167	29	1768	Irrelevant
1168	30	90	Irrelevant
1169	30	93	Partial
1170	30	125	Irrelevant
1171	30	143	Irrelevant
1172	30	250	Partial
1173	30	251	Partial
1174	30	254	Exact
1175	30	330	Irrelevant
1176	30	332	Partial
1177	30	334	Irrelevant
1178	30	351	Partial
1179	30	360	Partial
1180	30	376	Irrelevant
1181	30	445	Irrelevant
1182	30	513	Partial
1183	30	680	Irrelevant
1184	30	815	Exact
1185	30	841	Irrelevant
1186	30	887	Partial
1187	30	986	Exact
1188	30	1012	Exact
1189	30	1046	Irrelevant
1190	30	1084	Partial
1191	30	1091	Irrelevant
1192	30	1092	Irrelevant
1193	30	1166	Partial
1194	30	1189	Irrelevant
1195	30	1256	Irrelevant
1196	30	1257	Partial
1197	30	1258	Irrelevant
1198	30	1287	Partial
1199	30	1288	Partial
1200	30	1289	Irrelevant
1201	30	1290	Irrelevant
1202	30	1304	Irrelevant
1203	30	1311	Irrelevant
1204	30	1345	Irrelevant
1205	30	1385	Irrelevant
1206	30	1391	Partial
1207	30	1486	Partial
1208	30	1496	Partial
1209	30	1555	Partial
1210	30	1607	Partial
1211	30	1622	Partial
1212	30	1701	Partial
1213	30	1721	Partial
1214	30	1756	Irrelevant
1215	31	5	Irrelevant
1216	31	44	Irrelevant
1217	31	94	Irrelevant
1218	31	105	Irrelevant
1219	31	160	Irrelevant
1220	31	232	Partial
1221	31	233	Irrelevant
1222	31	311	Irrelevant
1223	31	317	Partial
1224	31	356	Irrelevant
1225	31	394	Irrelevant
1226	31	541	Partial
1227	31	544	Irrelevant
1228	31	564	Partial
1229	31	565	Partial
1230	31	576	Exact
1231	31	577	Exact
1232	31	728	Irrelevant
1233	31	753	Irrelevant
1234	31	922	Exact
1235	31	923	Exact
1236	31	924	Exact
1237	31	937	Irrelevant
1238	31	952	Irrelevant
1239	31	977	Irrelevant
1240	31	1055	Irrelevant
1241	31	1077	Irrelevant
1242	31	1084	Irrelevant
1243	31	1097	Irrelevant
1244	31	1103	Irrelevant
1245	31	1108	Irrelevant
1246	31	1406	Irrelevant
1247	31	1409	Irrelevant
1248	31	1489	Irrelevant
1249	31	1531	Partial
1250	31	1596	Partial
1251	31	1599	Partial
1252	31	1600	Partial
1253	31	1604	Partial
1254	31	1611	Partial
1255	31	1613	Partial
1256	31	1615	Partial
1257	31	1616	Partial
1258	31	1631	Irrelevant
1259	31	1640	Irrelevant
1260	31	1653	Irrelevant
1261	31	1666	Irrelevant
1262	31	1668	Irrelevant
1263	32	32	Irrelevant
1264	32	67	Irrelevant
1265	32	121	Irrelevant
1266	32	129	Partial
1267	32	254	Irrelevant
1268	32	282	Irrelevant
1269	32	354	Exact
1270	32	391	Irrelevant
1271	32	439	Irrelevant
1272	32	566	Partial
1273	32	572	Irrelevant
1274	32	579	Partial
1275	32	601	Exact
1276	32	614	Exact
1277	32	617	Exact
1278	32	709	Partial
1279	32	716	Partial
1280	32	768	Partial
1281	32	857	Exact
1282	32	881	Partial
1283	32	882	Partial
1284	32	934	Partial
1285	32	940	Irrelevant
1286	32	945	Irrelevant
1287	32	946	Partial
1288	32	947	Irrelevant
1289	32	950	Partial
1290	32	1013	Partial
1291	32	1014	Exact
1292	32	1064	Partial
1293	32	1066	Partial
1294	32	1103	Partial
1295	32	1172	Exact
1296	32	1311	Irrelevant
1297	32	1338	Irrelevant
1298	32	1519	Partial
1299	32	1570	Partial
1300	32	1610	Irrelevant
1301	32	1642	Irrelevant
1302	32	1665	Exact
1303	32	1666	Partial
1304	32	1667	Exact
1305	32	1668	Partial
1306	32	1770	Irrelevant
1307	33	14	Partial
1308	33	15	Partial
1309	33	99	Irrelevant
1310	33	100	Irrelevant
1311	33	144	Irrelevant
1312	33	355	Exact
1313	33	356	Partial
1314	33	357	Partial
1315	33	578	Irrelevant
1316	33	597	Partial
1317	33	608	Irrelevant
1318	33	627	Irrelevant
1319	33	702	Irrelevant
1320	33	780	Partial
1321	33	803	Partial
1322	33	841	Irrelevant
1323	33	859	Irrelevant
1324	33	886	Irrelevant
1325	33	931	Irrelevant
1326	33	947	Irrelevant
1327	33	959	Irrelevant
1328	33	1008	Irrelevant
1329	33	1021	Partial
1330	33	1086	Partial
1331	33	1087	Exact
1332	33	1104	Partial
1333	33	1112	Irrelevant
1334	33	1175	Partial
1335	33	1243	Irrelevant
1336	33	1251	Exact
1337	33	1274	Partial
1338	33	1362	Partial
1339	33	1396	Irrelevant
1340	33	1478	Exact
1341	33	1479	Exact
1342	33	1480	Partial
1343	33	1481	Partial
1344	33	1503	Irrelevant
1345	33	1511	Partial
1346	33	1513	Partial
1347	33	1537	Partial
1348	33	1585	Irrelevant
1349	33	1610	Partial
1350	33	1620	Irrelevant
1351	33	1621	Irrelevant
1352	33	1650	Irrelevant
1353	33	1664	Partial
1354	33	1690	Partial
1355	34	45	Irrelevant
1356	34	248	Irrelevant
1357	34	249	Irrelevant
1358	34	255	Partial
1359	34	295	Irrelevant
1360	34	296	Irrelevant
1361	34	298	Partial
1362	34	299	Partial
1363	34	324	Irrelevant
1364	34	328	Irrelevant
1365	34	330	Irrelevant
1366	34	367	Exact
1367	34	406	Irrelevant
1368	34	407	Irrelevant
1369	34	507	Partial
1370	34	508	Partial
1371	34	509	Partial
1372	34	515	Irrelevant
1373	34	516	Irrelevant
1374	34	750	Irrelevant
1375	34	756	Irrelevant
1376	34	782	Irrelevant
1377	34	789	Exact
1378	34	828	Partial
1379	34	866	Irrelevant
1380	34	887	Exact
1381	34	1013	Irrelevant
1382	34	1014	Irrelevant
1383	34	1077	Irrelevant
1384	34	1089	Irrelevant
1385	34	1090	Partial
1386	34	1091	Partial
1387	34	1092	Irrelevant
1388	34	1093	Partial
1389	34	1094	Irrelevant
1390	34	1095	Partial
1391	34	1096	Partial
1392	34	1106	Partial
1393	34	1161	Irrelevant
1394	34	1251	Irrelevant
1395	34	1304	Irrelevant
1396	34	1420	Irrelevant
1397	34	1556	Partial
1398	34	1636	Partial
1399	34	1642	Partial
1400	34	1734	Irrelevant
1401	34	1737	Irrelevant
1402	35	94	Irrelevant
1403	35	131	Irrelevant
1404	35	156	Irrelevant
1405	35	296	Irrelevant
1406	35	298	Irrelevant
1407	35	299	Irrelevant
1408	35	324	Irrelevant
1409	35	348	Exact
1410	35	349	Exact
1411	35	350	Exact
1412	35	351	Exact
1413	35	352	Exact
1414	35	353	Exact
1415	35	354	Exact
1416	35	399	Irrelevant
1417	35	406	Irrelevant
1418	35	407	Irrelevant
1419	35	408	Irrelevant
1420	35	507	Partial
1421	35	508	Partial
1422	35	509	Partial
1423	35	515	Irrelevant
1424	35	516	Irrelevant
1425	35	594	Irrelevant
1426	35	621	Irrelevant
1427	35	714	Irrelevant
1428	35	723	Irrelevant
1429	35	792	Irrelevant
1430	35	802	Partial
1431	35	895	Irrelevant
1432	35	1013	Irrelevant
1433	35	1091	Partial
1434	35	1094	Irrelevant
1435	35	1140	Irrelevant
1436	35	1145	Exact
1437	35	1151	Irrelevant
1438	35	1187	Irrelevant
1439	35	1304	Irrelevant
1440	35	1379	Partial
1441	35	1389	Irrelevant
1442	35	1391	Partial
1443	35	1588	Irrelevant
1444	35	1641	Irrelevant
1445	35	1644	Irrelevant
1446	36	2	Partial
1447	36	17	Exact
1448	36	19	Irrelevant
1449	36	27	Exact
1450	36	69	Partial
1451	36	71	Irrelevant
1452	36	72	Partial
1453	36	94	Irrelevant
1454	36	140	Irrelevant
1455	36	247	Irrelevant
1456	36	278	Irrelevant
1457	36	356	Irrelevant
1458	36	365	Exact
1459	36	448	Irrelevant
1460	36	595	Exact
1461	36	720	Irrelevant
1462	36	721	Partial
1463	36	722	Irrelevant
1464	36	737	Irrelevant
1465	36	789	Irrelevant
1466	36	799	Exact
1467	36	811	Partial
1468	36	837	Irrelevant
1469	36	880	Irrelevant
1470	36	925	Irrelevant
1471	36	927	Irrelevant
1472	36	1015	Partial
1473	36	1020	Irrelevant
1474	36	1106	Irrelevant
1475	36	1168	Partial
1476	36	1178	Irrelevant
1477	36	1179	Irrelevant
1478	36	1180	Partial
1479	36	1339	Irrelevant
1480	36	1632	Partial
1481	36	1663	Partial
1482	36	1715	Exact
1483	36	1716	Exact
1484	36	1717	Exact
1485	36	1719	Exact
1486	36	1720	Exact
1487	36	1728	Irrelevant
1488	37	244	Partial
1489	37	280	Exact
1490	37	298	Irrelevant
1491	37	299	Irrelevant
1492	37	308	Exact
1493	37	310	Exact
1494	37	311	Exact
1495	37	312	Exact
1496	37	324	Irrelevant
1497	37	326	Irrelevant
1498	37	330	Irrelevant
1499	37	391	Irrelevant
1500	37	399	Partial
1501	37	400	Partial
1502	37	405	Exact
1503	37	407	Irrelevant
1504	37	408	Partial
1505	37	429	Exact
1506	37	508	Partial
1507	37	509	Exact
1508	37	515	Partial
1509	37	516	Irrelevant
1510	37	517	Exact
1511	37	533	Irrelevant
1512	37	547	Irrelevant
1513	37	548	Irrelevant
1514	37	550	Exact
1515	37	714	Irrelevant
1516	37	894	Exact
1517	37	931	Irrelevant
1518	37	988	Exact
1519	37	1076	Partial
1520	37	1077	Irrelevant
1521	37	1117	Exact
1522	37	1171	Exact
1523	37	1359	Irrelevant
1524	37	1406	Irrelevant
1525	37	1539	Partial
1526	37	1546	Irrelevant
1527	37	1725	Irrelevant
1528	38	20	Partial
1529	38	66	Irrelevant
1530	38	84	Partial
1531	38	130	Irrelevant
1532	38	131	Irrelevant
1533	38	132	Irrelevant
1534	38	137	Irrelevant
1535	38	139	Irrelevant
1536	38	248	Irrelevant
1537	38	249	Irrelevant
1538	38	251	Irrelevant
1539	38	252	Irrelevant
1540	38	253	Irrelevant
1541	38	255	Irrelevant
1542	38	277	Irrelevant
1543	38	347	Partial
1544	38	357	Partial
1545	38	454	Irrelevant
1546	38	578	Irrelevant
1547	38	625	Irrelevant
1548	38	696	Irrelevant
1549	38	779	Exact
1550	38	789	Irrelevant
1551	38	829	Irrelevant
1552	38	834	Irrelevant
1553	38	847	Irrelevant
1554	38	866	Irrelevant
1555	38	927	Irrelevant
1556	38	928	Irrelevant
1557	38	931	Irrelevant
1558	38	1013	Partial
1559	38	1128	Irrelevant
1560	38	1249	Partial
1561	38	1309	Irrelevant
1562	38	1334	Irrelevant
1563	38	1392	Partial
1564	38	1453	Irrelevant
1565	38	1505	Irrelevant
1566	38	1567	Partial
1567	38	1568	Exact
1568	38	1610	Partial
1569	38	1630	Partial
1570	38	1633	Partial
1571	38	1635	Irrelevant
1572	38	1714	Irrelevant
1573	39	99	Partial
1574	39	100	Partial
1575	39	128	Partial
1576	39	247	Partial
1577	39	354	Irrelevant
1578	39	365	Irrelevant
1579	39	384	Irrelevant
1580	39	387	Irrelevant
1581	39	393	Irrelevant
1582	39	422	Partial
1583	39	451	Partial
1584	39	595	Partial
1585	39	599	Partial
1586	39	617	Irrelevant
1587	39	768	Partial
1588	39	788	Partial
1589	39	819	Partial
1590	39	859	Irrelevant
1591	39	860	Partial
1592	39	862	Partial
1593	39	866	Exact
1594	39	888	Partial
1595	39	896	Irrelevant
1596	39	1013	Exact
1597	39	1153	Exact
1598	39	1162	Exact
1599	39	1351	Partial
1600	39	1382	Exact
1601	39	1491	Partial
1602	39	1506	Irrelevant
1603	39	1507	Partial
1604	39	1619	Partial
1605	39	1621	Partial
1606	39	1645	Partial
1607	39	1646	Partial
1608	39	1709	Exact
1609	39	1710	Exact
1610	39	1713	Exact
1611	39	1714	Partial
1612	39	1720	Exact
1613	40	39	Irrelevant
1614	40	76	Irrelevant
1615	40	79	Irrelevant
1616	40	84	Irrelevant
1617	40	100	Irrelevant
1618	40	164	Irrelevant
1619	40	254	Irrelevant
1620	40	354	Irrelevant
1621	40	391	Irrelevant
1622	40	511	Irrelevant
1623	40	596	Irrelevant
1624	40	598	Partial
1625	40	614	Partial
1626	40	709	Irrelevant
1627	40	718	Irrelevant
1628	40	836	Partial
1629	40	837	Exact
1630	40	838	Exact
1631	40	839	Exact
1632	40	840	Exact
1633	40	850	Partial
1634	40	852	Exact
1635	40	853	Partial
1636	40	882	Irrelevant
1637	40	897	Irrelevant
1638	40	911	Partial
1639	40	912	Partial
1640	40	913	Partial
1641	40	915	Partial
1642	40	927	Irrelevant
1643	40	973	Irrelevant
1644	40	1066	Irrelevant
1645	40	1076	Irrelevant
1646	40	1077	Irrelevant
1647	40	1104	Irrelevant
1648	40	1109	Irrelevant
1649	40	1157	Exact
1650	40	1158	Partial
1651	40	1180	Irrelevant
1652	40	1540	Irrelevant
1653	40	1547	Irrelevant
1654	40	1640	Irrelevant
1655	40	1642	Partial
1656	40	1665	Partial
1657	40	1666	Partial
1658	40	1667	Partial
1659	40	1770	Irrelevant
1660	41	100	Partial
1661	41	153	Partial
1662	41	179	Irrelevant
1663	41	593	Irrelevant
1664	41	599	Irrelevant
1665	41	608	Exact
1666	41	610	Partial
1667	41	611	Partial
1668	41	613	Partial
1669	41	615	Partial
1670	41	616	Irrelevant
1671	41	617	Partial
1672	41	621	Partial
1673	41	624	Partial
1674	41	625	Partial
1675	41	727	Irrelevant
1676	41	765	Irrelevant
1677	41	780	Irrelevant
1678	41	788	Partial
1679	41	866	Partial
1680	41	1026	Exact
1681	41	1089	Exact
1682	41	1153	Irrelevant
1683	41	1287	Exact
1684	41	1290	Irrelevant
1685	41	1309	Partial
1686	41	1348	Exact
1687	41	1349	Exact
1688	41	1350	Partial
1689	41	1351	Exact
1690	41	1352	Partial
1691	41	1353	Exact
1692	41	1388	Partial
1693	41	1435	Partial
1694	41	1505	Partial
1695	41	1506	Partial
1696	41	1507	Exact
1697	41	1508	Exact
1698	41	1537	Irrelevant
1699	41	1616	Partial
1700	41	1621	Irrelevant
1701	42	11	Partial
1702	42	23	Partial
1703	42	71	Irrelevant
1704	42	95	Partial
1705	42	119	Partial
1706	42	123	Irrelevant
1707	42	234	Irrelevant
1708	42	235	Partial
1709	42	247	Partial
1710	42	262	Partial
1711	42	263	Partial
1712	42	271	Irrelevant
1713	42	331	Partial
1714	42	386	Partial
1715	42	387	Partial
1716	42	396	Partial
1717	42	412	Partial
1718	42	417	Partial
1719	42	423	Irrelevant
1720	42	435	Partial
1721	42	720	Partial
1722	42	721	Irrelevant
1723	42	722	Exact
1724	42	731	Partial
1725	42	733	Partial
1726	42	735	Irrelevant
1727	42	737	Irrelevant
1728	42	762	Partial
1729	42	768	Irrelevant
1730	42	775	Partial
1731	42	1017	Partial
1732	42	1039	Irrelevant
1733	42	1116	Irrelevant
1734	42	1154	Irrelevant
1735	42	1170	Irrelevant
1736	42	1175	Irrelevant
1737	42	1180	Partial
1738	42	1189	Irrelevant
1739	42	1369	Partial
1740	42	1635	Irrelevant
1741	43	15	Irrelevant
1742	43	27	Partial
1743	43	32	Irrelevant
1744	43	49	Exact
1745	43	54	Partial
1746	43	55	Partial
1747	43	57	Partial
1748	43	64	Partial
1749	43	68	Partial
1750	43	248	Exact
1751	43	249	Exact
1752	43	251	Partial
1753	43	253	Partial
1754	43	254	Partial
1755	43	255	Exact
1756	43	366	Irrelevant
1757	43	487	Partial
1758	43	590	Irrelevant
1759	43	777	Irrelevant
1760	43	833	Partial
1761	43	843	Partial
1762	43	845	Exact
1763	43	847	Partial
1764	43	887	Exact
1765	43	931	Partial
1766	43	932	Partial
1767	43	933	Partial
1768	43	1014	Exact
1769	43	1090	Irrelevant
1770	43	1128	Irrelevant
1771	43	1129	Partial
1772	43	1152	Irrelevant
1773	43	1162	Partial
1774	43	1163	Partial
1775	43	1164	Exact
1776	43	1167	Partial
1777	43	1710	Exact
1778	43	1711	Irrelevant
1779	43	1712	Exact
1780	43	1713	Partial
1781	43	1714	Partial
1782	43	1721	Exact
1783	44	27	Exact
1784	44	28	Exact
1785	44	29	Exact
1786	44	32	Partial
1787	44	41	Partial
1788	44	45	Exact
1789	44	63	Partial
1790	44	65	Partial
1791	44	66	Partial
1792	44	130	Exact
1793	44	131	Partial
1794	44	132	Exact
1795	44	137	Partial
1796	44	248	Exact
1797	44	249	Exact
1798	44	250	Exact
1799	44	251	Exact
1800	44	252	Exact
1801	44	253	Partial
1802	44	254	Partial
1803	44	255	Exact
1804	44	528	Partial
1805	44	597	Exact
1806	44	599	Exact
1807	44	828	Partial
1808	44	829	Irrelevant
1809	44	831	Irrelevant
1810	44	866	Irrelevant
1811	44	887	Partial
1812	44	928	Irrelevant
1813	44	1014	Partial
1814	44	1024	Exact
1815	44	1028	Exact
1816	44	1167	Exact
1817	44	1663	Partial
1818	44	1713	Exact
1819	44	1715	Partial
1820	44	1716	Exact
1821	44	1718	Exact
1822	45	232	Exact
1823	45	233	Exact
1824	45	415	Irrelevant
1825	45	540	Exact
1826	45	565	Partial
1827	45	576	Partial
1828	45	602	Irrelevant
1829	45	615	Exact
1830	45	825	Partial
1831	45	923	Exact
1832	45	924	Partial
1833	45	1293	Partial
1834	45	1294	Partial
1835	45	1295	Partial
1836	45	1296	Partial
1837	45	1399	Partial
1838	45	1400	Partial
1839	45	1401	Partial
1840	45	1402	Partial
1841	45	1416	Irrelevant
1842	45	1456	Partial
1843	45	1457	Partial
1844	45	1458	Partial
1845	45	1459	Partial
1846	45	1488	Irrelevant
1847	45	1594	Partial
1848	45	1596	Exact
1849	45	1598	Partial
1850	45	1599	Partial
1851	45	1600	Partial
1852	45	1602	Exact
1853	45	1608	Partial
1854	45	1609	Exact
1855	45	1611	Exact
1856	45	1612	Partial
1857	45	1613	Partial
1858	45	1615	Partial
1859	45	1616	Exact
1860	45	1660	Partial
1861	46	3	Irrelevant
1862	46	5	Irrelevant
1863	46	6	Irrelevant
1864	46	66	Irrelevant
1865	46	67	Irrelevant
1866	46	100	Partial
1867	46	264	Irrelevant
1868	46	381	Irrelevant
1869	46	396	Partial
1870	46	435	Partial
1871	46	449	Partial
1872	46	450	Partial
1873	46	451	Exact
1874	46	452	Partial
1875	46	479	Partial
1876	46	490	Irrelevant
1877	46	495	Partial
1878	46	788	Partial
1879	46	794	Irrelevant
1880	46	820	Exact
1881	46	836	Partial
1882	46	841	Partial
1883	46	861	Exact
1884	46	888	Partial
1885	46	890	Partial
1886	46	896	Partial
1887	46	897	Partial
1888	46	898	Partial
1889	46	910	Partial
1890	46	1017	Irrelevant
1891	46	1035	Irrelevant
1892	46	1037	Irrelevant
1893	46	1131	Exact
1894	46	1244	Partial
1895	46	1382	Partial
1896	46	1491	Partial
1897	46	1492	Partial
1898	46	1529	Partial
1899	46	1563	Irrelevant
1900	46	1571	Irrelevant
1901	46	1621	Partial
1902	46	1680	Irrelevant
1903	46	1682	Partial
1904	46	1723	Partial
1905	47	143	Irrelevant
1906	47	150	Irrelevant
1907	47	153	Partial
1908	47	167	Partial
1909	47	170	Irrelevant
1910	47	174	Partial
1911	47	256	Irrelevant
1912	47	257	Partial
1913	47	258	Irrelevant
1914	47	269	Irrelevant
1915	47	275	Partial
1916	47	312	Irrelevant
1917	47	318	Exact
1918	47	336	Irrelevant
1919	47	337	Partial
1920	47	338	Irrelevant
1921	47	340	Partial
1922	47	343	Partial
1923	47	344	Partial
1924	47	351	Irrelevant
1925	47	360	Partial
1926	47	567	Exact
1927	47	599	Irrelevant
1928	47	624	Partial
1929	47	659	Irrelevant
1930	47	707	Irrelevant
1931	47	805	Irrelevant
1932	47	889	Partial
1933	47	895	Irrelevant
1934	47	905	Exact
1935	47	1286	Partial
1936	47	1290	Irrelevant
1937	47	1336	Irrelevant
1938	47	1375	Partial
1939	47	1376	Irrelevant
1940	47	1386	Irrelevant
1941	47	1388	Partial
1942	47	1389	Partial
1943	47	1582	Irrelevant
1944	47	1617	Irrelevant
1945	47	1669	Exact
1946	48	174	Exact
1947	48	179	Partial
1948	48	256	Irrelevant
1949	48	275	Exact
1950	48	332	Partial
1951	48	338	Partial
1952	48	341	Partial
1953	48	345	Irrelevant
1954	48	346	Partial
1955	48	351	Irrelevant
1956	48	472	Partial
1957	48	659	Partial
1958	48	800	Partial
1959	48	1107	Irrelevant
1960	48	1250	Irrelevant
1961	48	1258	Partial
1962	48	1285	Partial
1963	48	1288	Partial
1964	48	1289	Partial
1965	48	1384	Partial
1966	48	1386	Irrelevant
1967	48	1390	Partial
1968	48	1397	Irrelevant
1969	48	1398	Irrelevant
1970	48	1419	Partial
1971	48	1426	Irrelevant
1972	48	1429	Irrelevant
1973	48	1430	Irrelevant
1974	48	1432	Irrelevant
1975	48	1433	Irrelevant
1976	48	1446	Irrelevant
1977	48	1448	Irrelevant
1978	48	1452	Partial
1979	48	1455	Irrelevant
1980	48	1463	Irrelevant
1981	48	1511	Irrelevant
1982	48	1550	Partial
1983	48	1554	Irrelevant
1984	48	1623	Partial
1985	48	1637	Partial
1986	49	226	Irrelevant
1987	49	292	Irrelevant
1988	49	332	Partial
1989	49	333	Partial
1990	49	334	Partial
1991	49	425	Irrelevant
1992	49	445	Partial
1993	49	483	Irrelevant
1994	49	513	Irrelevant
1995	49	522	Irrelevant
1996	49	640	Partial
1997	49	779	Irrelevant
1998	49	859	Partial
1999	49	965	Irrelevant
2000	49	1091	Partial
2001	49	1099	Irrelevant
2002	49	1100	Irrelevant
2003	49	1102	Irrelevant
2004	49	1113	Irrelevant
2005	49	1256	Partial
2006	49	1257	Exact
2007	49	1258	Partial
2008	49	1265	Irrelevant
2009	49	1286	Exact
2010	49	1287	Irrelevant
2011	49	1288	Partial
2012	49	1289	Exact
2013	49	1290	Partial
2014	49	1297	Partial
2015	49	1298	Partial
2016	49	1299	Partial
2017	49	1344	Irrelevant
2018	49	1385	Irrelevant
2019	49	1397	Irrelevant
2020	49	1405	Irrelevant
2021	49	1408	Irrelevant
2022	49	1460	Irrelevant
2023	49	1495	Irrelevant
2024	49	1584	Irrelevant
2025	49	1606	Irrelevant
2026	49	1607	Irrelevant
2027	49	1644	Irrelevant
2028	49	1656	Partial
2029	49	1659	Partial
2030	49	1694	Irrelevant
2031	50	62	Irrelevant
2032	50	197	Irrelevant
2033	50	201	Irrelevant
2034	50	261	Partial
2035	50	355	Exact
2036	50	356	Irrelevant
2037	50	357	Partial
2038	50	358	Partial
2039	50	359	Partial
2040	50	443	Partial
2041	50	455	Irrelevant
2042	50	662	Partial
2043	50	663	Partial
2044	50	671	Irrelevant
2045	50	672	Partial
2046	50	685	Partial
2047	50	886	Partial
2048	50	936	Partial
2049	50	1021	Exact
2050	50	1023	Irrelevant
2051	50	1104	Partial
2052	50	1115	Exact
2053	50	1175	Partial
2054	50	1180	Irrelevant
2055	50	1250	Exact
2056	50	1251	Partial
2057	50	1268	Irrelevant
2058	50	1272	Partial
2059	50	1277	Partial
2060	50	1356	Partial
2061	50	1361	Irrelevant
2062	50	1363	Partial
2063	50	1374	Partial
2064	50	1447	Partial
2065	50	1478	Partial
2066	50	1479	Exact
2067	50	1481	Exact
2068	50	1482	Exact
2069	50	1511	Partial
2070	50	1512	Partial
2071	50	1594	Irrelevant
2072	50	1615	Irrelevant
2073	50	1635	Partial
2074	50	1700	Partial
2075	51	148	Irrelevant
2076	51	232	Exact
2077	51	305	Irrelevant
2078	51	307	Irrelevant
2079	51	540	Partial
2080	51	541	Partial
2081	51	542	Partial
2082	51	584	Irrelevant
2083	51	586	Irrelevant
2084	51	587	Partial
2085	51	611	Partial
2086	51	612	Irrelevant
2087	51	613	Partial
2088	51	614	Partial
2089	51	615	Exact
2090	51	616	Partial
2091	51	617	Partial
2092	51	618	Partial
2093	51	619	Exact
2094	51	620	Irrelevant
2095	51	621	Partial
2096	51	622	Exact
2097	51	625	Partial
2098	51	709	Irrelevant
2099	51	923	Exact
2100	51	934	Partial
2101	51	1103	Irrelevant
2102	51	1186	Irrelevant
2103	51	1348	Partial
2104	51	1349	Irrelevant
2105	51	1353	Partial
2106	51	1355	Irrelevant
2107	51	1608	Irrelevant
2108	51	1609	Exact
2109	51	1616	Irrelevant
2110	51	1666	Partial
2111	51	1667	Partial
2112	51	1756	Partial
2113	51	1764	Irrelevant
2114	52	1	Partial
2115	52	110	Exact
2116	52	113	Partial
2117	52	114	Exact
2118	52	117	Partial
2119	52	118	Irrelevant
2120	52	120	Partial
2121	52	122	Exact
2122	52	124	Irrelevant
2123	52	125	Irrelevant
2124	52	434	Partial
2125	52	592	Partial
2126	52	734	Partial
2127	52	735	Partial
2128	52	736	Exact
2129	52	737	Exact
2130	52	762	Partial
2131	52	770	Exact
2132	52	771	Partial
2133	52	772	Exact
2134	52	773	Partial
2135	52	844	Irrelevant
2136	52	870	Partial
2137	52	885	Irrelevant
2138	52	1023	Exact
2139	52	1039	Partial
2140	52	1126	Exact
2141	52	1169	Irrelevant
2142	52	1561	Partial
2143	52	1562	Partial
2144	52	1563	Exact
2145	52	1564	Exact
2146	52	1565	Partial
2147	53	129	Irrelevant
2148	53	348	Exact
2149	53	351	Exact
2150	53	365	Irrelevant
2151	53	368	Partial
2152	53	585	Exact
2153	53	589	Irrelevant
2154	53	593	Irrelevant
2155	53	595	Irrelevant
2156	53	601	Irrelevant
2157	53	617	Partial
2158	53	724	Irrelevant
2159	53	768	Exact
2160	53	777	Partial
2161	53	779	Irrelevant
2162	53	780	Irrelevant
2163	53	783	Irrelevant
2164	53	784	Irrelevant
2165	53	882	Irrelevant
2166	53	889	Exact
2167	53	895	Irrelevant
2168	53	899	Irrelevant
2169	53	919	Partial
2170	53	934	Irrelevant
2171	53	967	Irrelevant
2172	53	1013	Exact
2173	53	1014	Exact
2174	53	1090	Irrelevant
2175	53	1092	Irrelevant
2176	53	1094	Irrelevant
2177	53	1103	Partial
2178	53	1104	Irrelevant
2179	53	1119	Irrelevant
2180	53	1120	Irrelevant
2181	53	1321	Exact
2182	53	1346	Irrelevant
2183	53	1352	Irrelevant
2184	53	1490	Irrelevant
2185	53	1520	Irrelevant
2186	53	1555	Irrelevant
2187	53	1570	Irrelevant
2188	53	1584	Partial
2189	53	1627	Irrelevant
2190	53	1641	Exact
2191	53	1710	Partial
2192	54	152	Partial
2193	54	153	Partial
2194	54	294	Partial
2195	54	295	Partial
2196	54	296	Partial
2197	54	297	Exact
2198	54	298	Irrelevant
2199	54	299	Partial
2200	54	321	Exact
2201	54	322	Partial
2202	54	323	Exact
2203	54	324	Exact
2204	54	325	Exact
2205	54	326	Exact
2206	54	328	Partial
2207	54	329	Partial
2208	54	407	Exact
2209	54	494	Irrelevant
2210	54	507	Exact
2211	54	508	Exact
2212	54	509	Partial
2213	54	510	Exact
2214	54	511	Partial
2215	54	514	Exact
2216	54	515	Partial
2217	54	516	Partial
2218	54	528	Partial
2219	54	533	Irrelevant
2220	54	567	Partial
2221	54	757	Irrelevant
2222	54	840	Partial
2223	54	843	Partial
2224	54	845	Partial
2225	54	847	Partial
2226	54	849	Partial
2227	54	852	Partial
2228	54	1290	Exact
2229	54	1702	Partial
2230	54	1703	Exact
2231	55	1	Irrelevant
2232	55	43	Irrelevant
2233	55	50	Irrelevant
2234	55	57	Irrelevant
2235	55	99	Irrelevant
2236	55	100	Partial
2237	55	114	Irrelevant
2238	55	125	Irrelevant
2239	55	156	Irrelevant
2240	55	199	Exact
2241	55	356	Exact
2242	55	450	Partial
2243	55	451	Partial
2244	55	462	Irrelevant
2245	55	481	Irrelevant
2246	55	649	Partial
2247	55	746	Irrelevant
2248	55	803	Partial
2249	55	859	Irrelevant
2250	55	860	Irrelevant
2251	55	870	Irrelevant
2252	55	886	Partial
2253	55	910	Irrelevant
2254	55	950	Irrelevant
2255	55	988	Irrelevant
2256	55	1021	Partial
2257	55	1087	Partial
2258	55	1104	Partial
2259	55	1175	Partial
2260	55	1176	Partial
2261	55	1270	Exact
2262	55	1285	Irrelevant
2263	55	1361	Exact
2264	55	1363	Exact
2265	55	1412	Exact
2266	55	1441	Exact
2267	55	1492	Irrelevant
2268	55	1618	Irrelevant
2269	55	1620	Irrelevant
2270	55	1621	Irrelevant
2271	55	1664	Partial
2272	55	1684	Exact
2273	55	1690	Exact
2274	55	1705	Partial
2275	56	258	Irrelevant
2276	56	351	Irrelevant
2277	56	369	Partial
2278	56	370	Partial
2279	56	478	Irrelevant
2280	56	552	Partial
2281	56	556	Irrelevant
2282	56	566	Irrelevant
2283	56	608	Irrelevant
2284	56	610	Partial
2285	56	794	Partial
2286	56	958	Exact
2287	56	986	Partial
2288	56	1015	Exact
2289	56	1065	Irrelevant
2290	56	1071	Irrelevant
2291	56	1107	Partial
2292	56	1113	Partial
2293	56	1362	Exact
2294	56	1368	Irrelevant
2295	56	1372	Partial
2296	56	1397	Irrelevant
2297	56	1413	Exact
2298	56	1483	Exact
2299	56	1484	Partial
2300	56	1485	Exact
2301	56	1486	Partial
2302	56	1487	Exact
2303	56	1492	Irrelevant
2304	56	1493	Partial
2305	56	1496	Partial
2306	56	1532	Irrelevant
2307	56	1552	Partial
2308	56	1554	Partial
2309	56	1555	Partial
2310	56	1619	Partial
2311	56	1623	Irrelevant
2312	56	1637	Irrelevant
2313	57	47	Irrelevant
2314	57	99	Irrelevant
2315	57	248	Irrelevant
2316	57	343	Partial
2317	57	355	Irrelevant
2318	57	442	Partial
2319	57	449	Irrelevant
2320	57	490	Irrelevant
2321	57	790	Irrelevant
2322	57	806	Irrelevant
2323	57	808	Irrelevant
2324	57	859	Irrelevant
2325	57	956	Exact
2326	57	1021	Exact
2327	57	1089	Irrelevant
2328	57	1091	Irrelevant
2329	57	1092	Irrelevant
2330	57	1094	Irrelevant
2331	57	1095	Irrelevant
2332	57	1103	Exact
2333	57	1113	Partial
2334	57	1161	Irrelevant
2335	57	1167	Irrelevant
2336	57	1247	Irrelevant
2337	57	1265	Partial
2338	57	1282	Irrelevant
2339	57	1283	Partial
2340	57	1340	Irrelevant
2341	57	1355	Partial
2342	57	1375	Irrelevant
2343	57	1378	Partial
2344	57	1385	Partial
2345	57	1411	Partial
2346	57	1412	Irrelevant
2347	57	1413	Irrelevant
2348	57	1414	Partial
2349	57	1437	Partial
2350	57	1504	Partial
2351	57	1570	Irrelevant
2352	57	1683	Partial
2353	57	1691	Partial
2354	57	1722	Partial
2355	58	35	Exact
2356	58	203	Exact
2357	58	228	Exact
2358	58	365	Exact
2359	58	489	Partial
2360	58	790	Exact
2361	58	791	Partial
2362	58	793	Partial
2363	58	794	Partial
2364	58	795	Partial
2365	58	796	Partial
2366	58	797	Partial
2367	58	798	Exact
2368	58	799	Exact
2369	58	800	Exact
2370	58	801	Exact
2371	58	803	Exact
2372	58	804	Exact
2373	58	805	Exact
2374	58	806	Partial
2375	58	807	Partial
2376	58	809	Exact
2377	58	812	Partial
2378	58	813	Irrelevant
2379	58	818	Partial
2380	58	820	Partial
2381	58	822	Partial
2382	58	859	Irrelevant
2383	58	1041	Exact
2384	58	1146	Partial
2385	58	1147	Partial
2386	58	1148	Partial
2387	58	1150	Partial
2388	58	1283	Exact
2389	58	1367	Exact
2390	58	1368	Exact
2391	58	1383	Exact
2392	58	1689	Partial
2393	58	1719	Partial
2394	59	81	Partial
2395	59	148	Irrelevant
2396	59	232	Irrelevant
2397	59	233	Irrelevant
2398	59	317	Exact
2399	59	320	Partial
2400	59	363	Partial
2401	59	364	Partial
2402	59	448	Irrelevant
2403	59	564	Partial
2404	59	565	Partial
2405	59	568	Partial
2406	59	576	Irrelevant
2407	59	585	Irrelevant
2408	59	825	Irrelevant
2409	59	923	Partial
2410	59	924	Partial
2411	59	931	Irrelevant
2412	59	1595	Partial
2413	59	1596	Partial
2414	59	1597	Exact
2415	59	1598	Partial
2416	59	1599	Partial
2417	59	1602	Partial
2418	59	1603	Irrelevant
2419	59	1605	Exact
2420	59	1606	Partial
2421	59	1608	Partial
2422	59	1609	Exact
2423	59	1610	Partial
2424	59	1611	Partial
2425	59	1612	Partial
2426	59	1613	Partial
2427	59	1615	Partial
2428	59	1616	Partial
2429	59	1660	Partial
2430	59	1733	Irrelevant
2431	59	1768	Irrelevant
2432	60	15	Irrelevant
2433	60	32	Irrelevant
2434	60	92	Irrelevant
2435	60	246	Irrelevant
2436	60	255	Irrelevant
2437	60	278	Irrelevant
2438	60	366	Irrelevant
2439	60	381	Irrelevant
2440	60	461	Irrelevant
2441	60	620	Partial
2442	60	789	Irrelevant
2443	60	833	Partial
2444	60	846	Exact
2445	60	874	Irrelevant
2446	60	896	Irrelevant
2447	60	897	Irrelevant
2448	60	926	Irrelevant
2449	60	940	Irrelevant
2450	60	1003	Irrelevant
2451	60	1050	Partial
2452	60	1080	Partial
2453	60	1129	Irrelevant
2454	60	1132	Irrelevant
2455	60	1139	Irrelevant
2456	60	1151	Irrelevant
2457	60	1152	Exact
2458	60	1209	Irrelevant
2459	60	1210	Irrelevant
2460	60	1215	Irrelevant
2461	60	1216	Irrelevant
2462	60	1229	Irrelevant
2463	60	1243	Irrelevant
2464	60	1244	Irrelevant
2465	60	1309	Irrelevant
2466	60	1384	Irrelevant
2467	60	1420	Irrelevant
2468	60	1567	Irrelevant
2469	60	1568	Irrelevant
2470	60	1569	Irrelevant
2471	60	1575	Irrelevant
2472	60	1666	Partial
2473	60	1710	Irrelevant
2474	60	1712	Irrelevant
2475	60	1713	Irrelevant
2476	60	1714	Irrelevant
